<?xml version="1.0" encoding="UTF-8"?>
<!DOCTYPE hibernate-mapping PUBLIC 
    "-//Hibernate/Hibernate Mapping DTD 3.0//EN"
    "http://hibernate.sourceforge.net/hibernate-mapping-3.0.dtd">

   <hibernate-mapping>
   
   <!-- owned entity mapping -->
   
   	<class name="mypack.HeadOfState" table="hos">
   	<id name="id" type="int">
   	<generator class="increment"></generator>
   	</id>
   	<property name="name"/>
   	<property name="title"/>
   	<one-to-one name="country" property-ref="hos"/>
   	</class>
   	
   	<!-- owner entity mapping -->
   	
   	<class name="mypack.Country" table="countries">
   	<id name="id" type="int">
   	<generator class="increment">
   	</generator>
   	</id>
   	<property name="name"/>
   	<many-to-one unique="true"
   	 name="hos" 
   	 class="mypack.HeadOfState"
   	  column="hosid"
   	   cascade="all"/>
   	</class>
   	
   </hibernate-mapping>