<!DOCTYPE hibernate-mapping PUBLIC 
    "-//Hibernate/Hibernate Mapping DTD 3.0//EN"
    "http://hibernate.sourceforge.net/hibernate-mapping-3.0.dtd">
    <hibernate-mapping>
    <!-- owned entity mapping -->
    	<class name="mypack.Batch" table="batch">
    	<id name="id" type="int">
    		<generator class="increment"/>
    	</id>
    	<property name="mode"/>
    	<property name="slot"/>
    	<property name="course"/>
    	</class>
    	
<!--  		owner entity mapping -->
		<class name="mypack.Trainer" table="trainer">
		<id name="id" type="int">
		<generator class="increment">
			</generator>
		</id>
		<property name="name"/>
		<set name="batches" table="batch" cascade="save-update" lazy="false">
		<key column="tid"/>
		<one-to-many class="mypack.Batch"/>
		</set>
		</class>
    </hibernate-mapping>