<!DOCTYPE hibernate-mapping PUBLIC 
    "-//Hibernate/Hibernate Mapping DTD 3.0//EN"
    "http://hibernate.sourceforge.net/hibernate-mapping-3.0.dtd">
    <hibernate-mapping>
    <!-- owned entity mapping -->
    	<class name="mypack.HeadOfState" table="hos">
    	<id name="id" type="int">
    		<generator class="increment"/>
    	</id>
    	<property name="name"/>
    	<property name="title"/>
    	</class>
    	
<!--  		owner entity mapping -->
		<class name="mypack.Country" table="country">
		<id name="id" type="int">
			<generator class="foreign">
				<param name="property">hos</param>
			</generator>
		</id>
		<property name="name"/>
		<one-to-one name="hos" class="mypack.HeadOfState" cascade="all"/>
		</class>
    </hibernate-mapping>