<!DOCTYPE hibernate-configuration PUBLIC
	"-//Hibernate/Hibernate Configuration DTD 3.0//EN"
	"http://hibernate.sourceforge.net/hibernate-configuration-3.0.dtd">
	<hibernate-configuration>
		<session-factory>
			<property name="connection.driver_class">
				com.mysql.jdbc.Driver
			</property>
			<property name="connection.url">
				jdbc:mysql://localhost:3306/test
			</property>
			<property name="connection.user">
				root
			</property>
			<property name="connection.password">
				abc123
			</property>
			<property name="show_sql">true</property>

		 <mapping resource="relation.hbm.xml"/>
		 
		</session-factory>
	</hibernate-configuration>