<!DOCTYPE hibernate-mapping PUBLIC 
    "-//Hibernate/Hibernate Mapping DTD 3.0//EN"
    "http://hibernate.sourceforge.net/hibernate-mapping-3.0.dtd">
    <hibernate-mapping>
    <!-- owned entity mapping -->
    	<class name="mypack.Previlige" table="previliges">
    	<id name="id" type="int">
    		<generator class="increment"/>
    	</id>
    	<property name="name"/>
    	<property name="cost" type="int"/>
    	<set name="employees"
		 table="emp_previlige"
		  inverse="true"
		   lazy="false">
		<key column="pid"/>
		<many-to-many class="mypack.Emp" column="eid"/>
		</set>
		
    	
    	</class>
    	
<!--  		owner entity mapping -->
		<class name="mypack.Emp" table="emp">
		<id name="id" type="int">
		<generator class="increment">
			</generator>
		</id>
		<property name="name"/>
		<property name="job"/>
		<property name="salary" type="int"/>
		
		<set name="previliges"
		 table="emp_previlige"
		  cascade="save-update"
		   lazy="false">
		<key column="eid"/>
		<many-to-many class="mypack.Previlige" column="pid"/>
		</set>
		</class>
    </hibernate-mapping>