<!DOCTYPE hibernate-mapping PUBLIC 
    "-//Hibernate/Hibernate Mapping DTD 3.0//EN"
    "http://hibernate.sourceforge.net/hibernate-mapping-3.0.dtd">
    <hibernate-mapping>
    	<class name="mypack.Person" table="person" discriminator-value="1">
    	<id name="id" type="int">
    		<generator class="increment"/>
    	</id>
    	<discriminator column="personType" type="int"/>
    	<property name="name"/>
    	
    	<subclass name="mypack.Emp" discriminator-value="2">
    	<property name="job"/>
    	<property name="salary" type="int"/>
    	</subclass>
    	
    	<subclass name="mypack.Student" discriminator-value="3">
    	<property name="course"/>
    	<property name="fees" type="int"/>
    	</subclass>
    	
    	</class>
    </hibernate-mapping>