<!DOCTYPE hibernate-mapping PUBLIC 
    "-//Hibernate/Hibernate Mapping DTD 3.0//EN"
    "http://hibernate.sourceforge.net/hibernate-mapping-3.0.dtd">
    <hibernate-mapping>
    	<class name="mypack.Person" table="person1">
    	<id name="id" type="int">
    		<generator class="increment"/>
    	</id>
    	<property name="name"/>
    	</class>
    	
    	<class name="mypack.Emp" table="emp2">
    	<id name="id" type="int">
    		<generator class="increment"/>
    	</id>
    	<property name="name"/>
    	<property name="job"/>
    	<property name="salary" type="int"/>
    	</class>
    	
    	<class name="mypack.Student" table="student2">
    	<id name="id" type="int">
    		<generator class="increment"/>
    	</id>
    	<property name="name"/>
    	<property name="course"/>
    	<property name="fees" type="int"/>
    	</class>
    </hibernate-mapping>