<?xml version="1.0" encoding="UTF-8"?>
<!DOCTYPE hibernate-configuration PUBLIC
	"-//Hibernate/Hibernate Configuration DTD 3.0//EN"
	"http://hibernate.sourceforge.net/hibernate-configuration-3.0.dtd">
<hibernate-configuration>
	<session-factory>
		<property name="connection.driver_class">com.mysql.jdbc.Driver</property>
		<property name="connection.url">jdbc:mysql://localhost:3306/test</property>
		<property name="user">root</property>
		<property name="password">abc123</property>
		<property name="show_sql">true</property>
		<mapping class="mypack.Trainer"/>
		<mapping class="mypack.Batch"/>
	</session-factory>
</hibernate-configuration>