<?xml version="1.0" encoding="UTF-8"?>
<!DOCTYPE hibernate-mapping PUBLIC 
    "-//Hibernate/Hibernate Mapping DTD 3.0//EN"
    "http://hibernate.sourceforge.net/hibernate-mapping-3.0.dtd">

   <hibernate-mapping>
   
   <!-- owner entity mapping -->
   
   	<class name="mypack.Batch" table="batch">
   	<id name="id" type="int">
   	<generator class="increment"></generator>
   	</id>
   	<property name="mode"/>
   	<property name="slot"/>
   	<property name="course"/>
   	<many-to-one name="trainer" class="mypack.Trainer" 
   	column="tid" cascade="save-update"/>
   	</class>
   	
   	<!-- owned entity mapping -->
   	
   	<class name="mypack.Trainer" table="trainer">
   	<id name="id" type="int">
   	<generator class="increment">
   	</generator>
   	</id> 
   	<property name="name"/>
   	<set name="batches" table="batch" inverse="true" lazy="false">
   	<key column="tid"/>
   	<one-to-many class="mypack.Batch"/>
   	</set>
   	</class>
   	
   </hibernate-mapping>