<?xml version="1.0" encoding="UTF-8"?>
<!DOCTYPE hibernate-configuration PUBLIC
	"-//Hibernate/Hibernate Configuration DTD 3.0//EN"
	"http://hibernate.sourceforge.net/hibernate-configuration-3.0.dtd">
<hibernate-configuration>
	<session-factory>
		<property name="connection.driver_class">com.mysql.jdbc.Driver</property>
		<property name="connection.url">jdbc:mysql://localhost:3306/test</property>
		<property name="user">root</property>
		<property name="password">abc123</property>
		<property name="show_sql">true</property>
		<property name="hibernate.cache.provider_class">
		net.sf.ehcache.hibernate.EhCacheProvider
		</property>
		<property name="hibernate.cache.use_query_cache">
		true
		</property>
		<property name="hibernate.cache.use_second_level_cache">
		true
		</property>
		<property name="hibernate.generate_statistics">
		true
		</property>
		<mapping resource="relationtable.hbm.xml"/> 
	</session-factory>
</hibernate-configuration>