<?xml version="1.0" encoding="UTF-8"?>
<!DOCTYPE hibernate-mapping PUBLIC 
    "-//Hibernate/Hibernate Mapping DTD 3.0//EN"
    "http://hibernate.sourceforge.net/hibernate-mapping-3.0.dtd">

   <hibernate-mapping>
   	<class name="mypack.Person" table="person1">
   	<id name="id" type="int">
   	<generator class="increment"></generator>
   	</id>
   	<property name="name"/>
   	
   	<joined-subclass name="mypack.Employee" table="employees">
   	<key column="personId"/>
   	<property name="job"/>
   	<property name="salary" type="int"/>
   	</joined-subclass>
   	
   	<joined-subclass name="mypack.Student" table="students">
   	<key column="personId"/>
   	<property name="course"/>
   	<property name="fees" type="int"/>
   	</joined-subclass>
   	
   	</class>
   </hibernate-mapping>